时刻点,实时出清电价（元/MWh）,实际序号,机组出力（MW）,实时滚动预测电价（元/MWh）,预测序号,日前节点电价（元/MWh）,中长期交易电价（元/MWh）,中长期净交易电量（MWh）
0:15,331.57,34,0,,,,424.81,30.00
0:30,351.20,33,0,,,,424.81,30.00
0:45,332.66,32,0,,,,424.81,30.00
1:00,338.66,31,0,,,,424.81,30.00
1:15,336.33,30,0,,,,420.00,30.00
1:30,336.13,29,0,,,,420.00,30.00
1:45,332.66,28,0,,,,420.00,30.00
2:00,351.69,27,0,,,,420.00,30.00
2:15,381.55,26,29,,,,,
2:30,375.60,25,74,,,,,
2:45,351.14,24,74,,,,,
3:00,331.60,23,74,,,,,
3:15,338.22,22,90,,,,,
3:30,351.20,21,100,,,,,
3:45,339.85,20,99,,,,,
4:00,338.22,19,99,,,,,
4:15,349.82,18,100,,,,,
4:30,349.41,17,0,,,,,
4:45,353.22,16,0,,,,,
5:00,355.32,15,0,,,,,
5:15,367.29,14,0,,,,429.50,30.00
5:30,361.55,13,0,,,,429.50,30.00
5:45,365.00,12,0,,,,429.50,30.00
6:00,362.13,11,0,,,,429.50,30.00
6:15,379.77,10,130,,,,,
6:30,401.01,9,130,,,,,
6:45,388.98,8,130,,,,,
7:00,409.08,7,130,,,,,
7:15,413.17,6,0,,,,415.00,30.00
7:30,390.00,5,0,,,,415.00,30.00
7:45,349.82,4,0,,,,415.00,30.00
8:00,315.00,3,0,,,,415.00,30.00
8:15,314.26,2,0,,,,,
8:30,0.00,1,0,,,,,
8:45,,,0,0.00,1,,,
9:00,,,0,0.00,1,,,
9:15,,,0,0.00,1,,230.00,-50.00
9:30,,,0,0.00,1,,230.00,-50.00
9:45,,,0,0.00,1,,230.00,-50.00
10:00,,,0,0.00,1,,230.00,-50.00
10:15,,,-130,0.00,1,,-505.62,-9.89
10:30,,,,,,,-505.62,-9.89
10:45,,,,,,,-505.62,-9.89
11:00,,,,,,,-505.62,-9.89
11:15,,,,,,,-196.05,-24.68
11:30,,,,,,,-196.05,-24.68
11:45,,,,,,,-196.05,-24.68
12:00,,,,,,,-196.05,-24.68
12:15,,,,,,,-0.30,-51.80
12:30,,,,,,,-0.30,-51.80
12:45,,,,,,,-0.30,-51.80
13:00,,,,,,,-0.30,-51.80
13:15,,,,,,,-221.58,-21.73
13:30,,,,,,,-221.58,-21.73
13:45,,,,,,,-221.58,-21.73
14:00,,,,,,,-221.58,-21.73
14:15,,,,,,,60.00,-29.43
14:30,,,,,,,60.00,-29.43
14:45,,,,,,,60.00,-29.43
15:00,,,,,,,60.00,-29.43
15:15,,,,,,,,
15:30,,,,,,,,
15:45,,,,,,,,
16:00,,,,,,,,
16:15,,,,,,,424.00,30.00
16:30,,,,,,,424.00,30.00
16:45,,,,,,,424.00,30.00
17:00,,,,,,,424.00,30.00
17:15,,,,,,,442.20,33.90
17:30,,,,,,,442.20,33.90
17:45,,,,,,,442.20,33.90
18:00,,,,,,,442.20,33.90
18:15,,,,,,,420.00,30.00
18:30,,,,,,,420.00,30.00
18:45,,,,,,,420.00,30.00
19:00,,,,,,,420.00,30.00
19:15,,,,,,,416.50,30.00
19:30,,,,,,,416.50,30.00
19:45,,,,,,,416.50,30.00
20:00,,,,,,,416.50,30.00
20:15,,,,,,,415.00,30.00
20:30,,,,,,,415.00,30.00
20:45,,,,,,,415.00,30.00
21:00,,,,,,,415.00,30.00
21:15,,,,,,,414.84,30.00
21:30,,,,,,,414.84,30.00
21:45,,,,,,,414.84,30.00
22:00,,,,,,,414.84,30.00
22:15,,,,,,,418.00,30.00
22:30,,,,,,,418.00,30.00
22:45,,,,,,,418.00,30.00
23:00,,,,,,,418.00,30.00
23:15,,,,,,,418.00,30.00
23:30,,,,,,,418.00,30.00
23:45,,,,,,,418.00,30.00
0:00,,,,,,,418.00,30.00
